<?xml version="1.0" encoding="UTF-8"?>
<!DOCTYPE fontscolors PUBLIC "-//NetBeans//DTD Editor Fonts and Colors settings 1.1//EN" "http://www.netbeans.org/dtds/EditorFontsColors-1_1.dtd">
<fontscolors>
    <fontcolor default="identifier" foreColor="ff6699ff" name="argument"/>
    <fontcolor default="whitespace" name="ws"/>
    <fontcolor bgColor="ffeceba3" name="mark-occurrences"/>
    <fontcolor default="char" foreColor="ffffcc66" name="character"/>
    <fontcolor name="mod-interface"/>
    <fontcolor name="mod-public"/>
    <fontcolor name="mod-method">
        <font style="bold"/>
    </fontcolor>
    <fontcolor name="mod-constructor">
        <font style="bold"/>
    </fontcolor>
    <fontcolor default="field" name="mod-field"/>
    <fontcolor default="default" foreColor="ffbf9221" name="sgml-declaration"/>
    <fontcolor foreColor="ff9933cc" name="mod-regexp"/>
    <fontcolor name="mod-protected"/>
    <fontcolor name="mod-enum"/>
    <fontcolor default="comment" name="js-comment-tag">
        <font style="bold"/>
    </fontcolor>
    <fontcolor name="mod-local-variable"/>
    <fontcolor default="comment" foreColor="gray" name="sgml-comment"/>
    <fontcolor name="mod-private"/>
    <fontcolor default="comment" name="html-tag">
        <font style="bold"/>
    </fontcolor>
    <fontcolor name="mod-deprecated" strikeThrough="darkGray"/>
    <fontcolor name="mod-annotation-type"/>
    <fontcolor default="default" foreColor="ffccffcc" name="value"/>
    <fontcolor name="mod-class"/>
    <fontcolor foreColor="ffa06001" name="mod-parameter"/>
    <fontcolor name="mod-unused" waveUnderlined="ff999999"/>
    <fontcolor name="mod-package-private"/>
    <fontcolor default="operator" foreColor="ff66ccff" name="operator"/>
    <fontcolor default="comment" name="right-curly"/>
    <fontcolor bgColor="red" default="error" foreColor="white" name="error"/>
    <fontcolor name="mod-static">
        <font style="italic"/>
    </fontcolor>
    <fontcolor default="comment" foreColor="gray" name="block-comment"/>
    <fontcolor default="default" name="text"/>
    <fontcolor default="default" foreColor="ff99ccff" name="tag"/>
    <fontcolor default="default" name="css-embedded"/>
    <fontcolor default="comment" name="left-curly"/>
    <fontcolor name="mod-abstract"/>
    <fontcolor default="default" name="javascript-embedded"/>
</fontscolors>
