<?xml version="1.0" encoding="UTF-8"?>
<!DOCTYPE fontscolors PUBLIC "-//NetBeans//DTD Editor Fonts and Colors settings 1.1//EN" "http://www.netbeans.org/dtds/EditorFontsColors-1_1.dtd">
<fontscolors>
    <fontcolor foreColor="ffcc0099" name="synchronized-text-blocks-ext"/>
    <fontcolor bgColor="darkGray" name="guarded"/>
    <fontcolor foreColor="ff99ccff" name="caret-color-insert-mode"/>
    <fontcolor bgColor="ff121e31" foreColor="white" name="status-bar"/>
    <fontcolor bgColor="ff253e5a" name="highlight-caret-row"/>
    <fontcolor foreColor="white" name="line-number"/>
    <fontcolor bgColor="ffe0e8f1" name="block-search"/>
    <fontcolor foreColor="ff253e5a" name="code-folding-bar"/>
    <fontcolor bgColor="ff4e687d" name="selection"/>
    <fontcolor foreColor="blue" name="hyperlinks" underline="blue"/>
    <fontcolor foreColor="ff253e5a" name="text-limit-line-color"/>
    <fontcolor bgColor="ff38566f" name="highlight-search"/>
    <fontcolor foreColor="ff996600" name="synchronized-text-blocks-ext-slave"/>
    <fontcolor bgColor="ff313641" name="nbeditor-bracesMatching-match">
        <font style="bold"/>
    </fontcolor>
    <fontcolor bgColor="red" name="status-bar-bold"/>
    <fontcolor bgColor="ff38566f" name="inc-search"/>
    <fontcolor bgColor="ffcc6600" foreColor="white" name="nbeditor-bracesMatching-mismatch">
        <font style="bold"/>
    </fontcolor>
    <fontcolor bgColor="ff253e5a" foreColor="ff6699ff" name="code-folding"/>
</fontscolors>
