<?xml version="1.0" encoding="UTF-8"?>
<!DOCTYPE fontscolors PUBLIC "-//NetBeans//DTD Editor Fonts and Colors settings 1.1//EN" "http://www.netbeans.org/dtds/EditorFontsColors-1_1.dtd">
<fontscolors>
    <fontcolor foreColor="black" name="whitespace"/>
    <fontcolor default="string" name="markup-attribute-value"/>
    <fontcolor bgColor="black" foreColor="white" name="default"/>
    <fontcolor foreColor="ff616161" name="comment"/>
    <fontcolor foreColor="fffa8968" name="operator"/>
    <fontcolor name="error" waveUnderlined="red"/>
    <fontcolor default="keyword" name="markup-element"/>
    <fontcolor default="default" foreColor="black" name="entity-reference">
        <font style="bold"/>
    </fontcolor>
    <fontcolor foreColor="ff8fd944" name="keyword"/>
    <fontcolor foreColor="ff4bbd3a" name="char"/>
    <fontcolor foreColor="ff4bbd3a" name="string"/>
    <fontcolor foreColor="white" name="separator"/>
    <fontcolor default="identifier" foreColor="ff009900" name="field"/>
    <fontcolor foreColor="ff83c5ff" name="identifier"/>
    <fontcolor default="field" name="markup-attribute"/>
    <fontcolor default="identifier" name="method"/>
    <fontcolor foreColor="ff1793f0" name="number"/>
</fontscolors>
