<?xml version="1.0" encoding="UTF-8"?>
<!DOCTYPE fontscolors PUBLIC "-//NetBeans//DTD Editor Fonts and Colors settings 1.1//EN" "http://www.netbeans.org/dtds/EditorFontsColors-1_1.dtd">
<fontscolors>
    <fontcolor default="field" name="mod-global"/>
    <fontcolor foreColor="blue" name="mod-custom2"/>
    <fontcolor foreColor="ff99006b" name="TODO">
        <font style="bold"/>
    </fontcolor>
    <fontcolor default="keyword" name="ANY_KEYWORD"/>
    <fontcolor name="mod-interface"/>
    <fontcolor name="mod-public"/>
    <fontcolor name="mod-constructor">
        <font style="bold"/>
    </fontcolor>
    <fontcolor default="keyword" name="keyword"/>
    <fontcolor default="whitespace" name="js_whitespace"/>
    <fontcolor default="error" name="ERROR"/>
    <fontcolor name="mod-enum"/>
    <fontcolor default="comment" name="js-comment-tag">
        <font style="bold"/>
    </fontcolor>
    <fontcolor foreColor="black" name="GLOBAL_VAR">
        <font style="italic"/>
    </fontcolor>
    <fontcolor name="mod-deprecated" strikeThrough="darkGray"/>
    <fontcolor name="mod-annotation-type"/>
    <fontcolor default="identifier" name="js_identifier"/>
    <fontcolor foreColor="ffa06001" name="mod-parameter"/>
    <fontcolor foreColor="black" name="CONSTANT">
        <font style="italic"/>
    </fontcolor>
    <fontcolor foreColor="ff098618" name="CLASS_VAR">
        <font style="bold+italic"/>
    </fontcolor>
    <fontcolor name="mod-package-private"/>
    <fontcolor default="string" name="STRING_LITERAL"/>
    <fontcolor default="error" name="error"/>
    <fontcolor name="mod-static">
        <font style="italic"/>
    </fontcolor>
    <fontcolor default="field" name="INSTANCE_VAR"/>
    <fontcolor default="comment" name="DOCUMENTATION"/>
    <fontcolor default="string" name="s_p">
        <font style="bold"/>
    </fontcolor>
    <fontcolor default="number" name="INT_LITERAL"/>
    <fontcolor default="string" name="s_string"/>
    <fontcolor foreColor="ff2e92c7" name="TYPE_SYMBOL"/>
    <fontcolor bgColor="ffeceba3" name="mark-occurrences"/>
    <fontcolor default="comment" name="js_line_comment"/>
    <fontcolor default="number" name="FLOAT_LITERAL"/>
    <fontcolor default="number" name="DOUBLE_LITERAL"/>
    <fontcolor default="number" name="js_number"/>
    <fontcolor name="mod-method">
        <font style="bold"/>
    </fontcolor>
    <fontcolor default="field" name="mod-field"/>
    <fontcolor foreColor="ffffff99" name="js_regularExpression">
        <font style="bold"/>
    </fontcolor>
    <fontcolor default="comment" name="BLOCK_COMMENT"/>
    <fontcolor foreColor="ff9933cc" name="mod-regexp"/>
    <fontcolor name="mod-protected"/>
    <fontcolor name="js_operator"/>
    <fontcolor default="comment" name="LINE_COMMENT"/>
    <fontcolor name="mod-local-variable"/>
    <fontcolor name="mod-private"/>
    <fontcolor default="comment" name="html-tag">
        <font style="bold"/>
    </fontcolor>
    <fontcolor default="whitespace" name="WHITESPACE"/>
    <fontcolor default="keyword" name="js_keyword"/>
    <fontcolor default="separator" name="js_separator"/>
    <fontcolor foreColor="ff9933cc" name="REGEXP_LITERAL"/>
    <fontcolor name="mod-class"/>
    <fontcolor name="mod-unused" waveUnderlined="ff999999"/>
    <fontcolor default="comment" name="right-curly"/>
    <fontcolor default="operator" name="ANY_OPERATOR"/>
    <fontcolor default="comment" name="js_comment"/>
    <fontcolor bgColor="ffffe4ff" foreColor="black" name="mod-custom1"/>
    <fontcolor default="identifier" name="IDENTIFIER"/>
    <fontcolor default="string" name="js_string"/>
    <fontcolor default="string" name="QUOTED_STRING_LITERAL"/>
    <fontcolor default="comment" name="left-curly"/>
    <fontcolor name="mod-abstract"/>
    <fontcolor default="number" name="LONG_LITERAL"/>
    <fontcolor name="mod-custom3">
        <font style="bold"/>
    </fontcolor>
</fontscolors>
